1,1,Photo,default
1,2,Photo,default
1,3,Photo,default
1,4,Photo,default
1,5,Photo,default
4,16,Photo,default
4,17,Photo,default
4,18,Photo,default
4,19,Photo,default
4,20,Photo,default
2,6,Photo,default
2,7,Photo,default
2,8,Photo,default
2,9,Photo,default
2,10,Photo,default
3,11,Photo,default
3,12,Photo,default
3,13,Photo,default
3,14,Photo,default
3,15,Photo,default
5,21,Photo,default
5,22,Photo,default
5,23,Photo,default
5,24,Photo,default
5,25,Photo,default
1,1,Photo,group30
1,2,Photo,group30
1,3,Photo,group30
1,4,Photo,group30
1,5,Photo,group30
4,16,Photo,group30
4,17,Photo,group30
4,18,Photo,group30
4,19,Photo,group30
4,20,Photo,group30
5,21,Photo,group30
5,22,Photo,group30
5,23,Photo,group30
5,24,Photo,group30
5,25,Photo,group30
3,11,Photo,group30
3,12,Photo,group30
3,13,Photo,group30
3,14,Photo,group30
3,15,Photo,group30
2,6,Photo,group30
2,7,Photo,group30
2,8,Photo,group30
2,9,Photo,group30
2,10,Photo,group30
4,3,Photo,group6
5,4,Photo,group6
1,1,Photo,group6
1,2,Photo,G05
1,3,Photo,G05
1,4,Photo,G05
1,5,Photo,G05
1,1,Photo,G05
3,11,Photo,G05
3,12,Photo,G05
3,13,Photo,G05
3,14,Photo,G05
3,15,Photo,G05
2,6,Photo,G05
2,7,Photo,G05
2,8,Photo,G05
2,9,Photo,G05
2,10,Photo,G05
5,21,Photo,G05
5,22,Photo,G05
5,23,Photo,G05
5,24,Photo,G05
5,25,Photo,G05
4,16,Photo,G05
4,17,Photo,G05
4,18,Photo,G05
4,19,Photo,G05
4,20,Photo,G05
1,1,Photo,G25
1,2,Photo,G25
1,3,Photo,G25
1,4,Photo,G25
1,5,Photo,G25
2,6,Photo,G25
2,7,Photo,G25
2,8,Photo,G25
2,9,Photo,G25
2,10,Photo,G25
3,15,Photo,G25
3,16,Photo,G25
3,17,Photo,G25
3,18,Photo,G25
3,19,Photo,G25
4,20,Photo,G25
4,21,Photo,G25
4,22,Photo,G25
4,23,Photo,G25
4,24,Photo,G25
5,26,Photo,G25
5,27,Photo,G25
5,28,Photo,G25
5,29,Photo,G25
5,30,Photo,G25
1,1,Photo,G22
1,2,Photo,G22
1,3,Photo,G22
1,4,Photo,G22
1,5,Photo,G22
2,6,Photo,G22
2,7,Photo,G22
2,8,Photo,G22
2,9,Photo,G22
2,10,Photo,G22
3,11,Photo,G22
3,12,Photo,G22
3,13,Photo,G22
3,14,Photo,G22
3,15,Photo,G22
4,16,Photo,G22
4,17,Photo,G22
4,18,Photo,G22
4,19,Photo,G22
4,20,Photo,G22
5,21,Photo,G22
5,22,Photo,G22
5,23,Photo,G22
5,24,Photo,G22
5,25,Photo,G22
5,26,Photo,G22
4,21,Photo,G00
4,22,Photo,G00
4,23,Photo,G00
4,24,Photo,G00
4,25,Photo,G00
1,1,Photo,G00
1,2,Photo,G00
1,6,Photo,G00
1,7,Photo,G00
1,8,Video,G00
5,10,Photo,G00
5,11,Photo,G00
5,12,Photo,G00
5,13,Photo,G00
5,14,Photo,G00
1,1001,Photo,G00
1,1002,Photo,G00
1,1006,Photo,G00
1,1007,Photo,G00
1,1008,Photo,G00
5,710,Photo,G00
5,711,Photo,G00
5,512,Photo,G00
5,513,Photo,G00
5,514,Photo,G00
5,101,Photo,G00
5,111,Photo,G00
5,112,Photo,G00
5,713,Photo,G00
5,714,Photo,G00
5,210,Photo,G00
5,211,Photo,G00
5,212,Photo,G00
5,213,Photo,G00
5,214,Photo,G00
5,310,Photo,G00
5,311,Photo,G00
5,312,Photo,G00
5,813,Photo,G00
5,814,Photo,G00
1,1,Photo,G23
1,2,Photo,G23
1,3,Photo,G23
1,4,Photo,G23
1,5,Photo,G23
2,6,Photo,G23
2,7,Photo,G23
2,8,Photo,G23
2,9,Video,G23
2,10,Photo,G23
3,11,Photo,G23
3,12,Photo,G23
3,13,Photo,G23
3,14,Photo,G23
3,15,Photo,G23
4,16,Photo,G23
4,17,Photo,G23
4,18,Photo,G23
4,19,Photo,G23
4,20,Video,G23
5,21,Photo,G23
5,22,Photo,G23
5,23,Photo,G23
5,24,Photo,G23
5,25,Photo,G23
1,1,Photo,G28
1,2,Photo,G28
1,3,Photo,G28
1,4,Photo,G28
1,5,Photo,G28
2,6,Photo,G28
2,7,Photo,G28
2,8,Photo,G28
2,9,Photo,G28
2,10,Photo,G28
3,11,Photo,G28
3,12,Photo,G28
3,13,Photo,G28
3,14,Photo,G28
3,15,Photo,G28
4,16,Photo,G28
4,17,Photo,G28
4,18,Photo,G28
4,19,Photo,G28
4,20,Photo,G28
5,21,Photo,G28
5,22,Photo,G28
5,23,Photo,G28
5,24,Photo,G28
5,25,Photo,G28
1,1,Photo,group1
1,3,Photo,group1
1,4,Photo,group1
1,5,Photo,group1
1,6,Photo,group1
2,2,Photo,group1
2,7,Photo,group1
2,8,Photo,group1
2,9,Photo,group1
2,10,Photo,group1
3,11,Photo,group1
3,12,Photo,group1
3,13,Photo,group1
3,14,Photo,group1
3,4015,Photo,group1
4,16,Photo,group1
4,17,Photo,group1
4,18,Photo,group1
4,19,Photo,group1
4,20,Photo,group1
5,21,Photo,group1
5,22,Photo,group1
5,23,Photo,group1
5,24,Photo,group1
5,25,Photo,group1
1,1,Photo,group3
1,2,Photo,group3
1,3,Photo,group3
1,4,Photo,group3
1,5,Photo,group3
2,6,Photo,group3
2,7,Photo,group3
2,8,Photo,group3
2,9,Photo,group3
2,10,Photo,group3
3,11,Photo,group3
3,12,Photo,group3
3,13,Photo,group3
3,14,Photo,group3
3,15,Photo,group3
4,16,Photo,group3
4,17,Photo,group3
4,18,Photo,group3
4,19,Photo,group3
4,20,Photo,group3
5,21,Photo,group3
5,22,Photo,group3
5,23,Photo,group3
5,24,Photo,group3
5,25,Photo,group3
2,6,Photo,group20
2,7,Photo,group20
2,8,Photo,group20
2,9,Photo,group20
2,10,Photo,group20
1,1,Photo,group20
1,2,Photo,group20
1,3,Photo,group20
1,4,Photo,group20
1,5,Photo,group20
5,21,Photo,group20
5,22,Photo,group20
5,23,Photo,group20
5,24,Photo,group20
5,25,Photo,group20
3,11,Photo,group20
3,12,Photo,group20
3,13,Photo,group20
3,14,Photo,group20
3,15,Photo,group20
4,16,Photo,group20
4,17,Photo,group20
4,18,Photo,group20
4,19,Photo,group20
4,20,Photo,group20
22,8,Photo,G12
22,9,Photo,G12
22,10,Photo,G12
22,12,Photo,G12
22,13,Photo,G12
55,17,Photo,G12
55,18,Photo,G12
55,19,Photo,G12
55,5062,Photo,G12
55,8000,Photo,G12
11,5,Photo,G12
11,98,Photo,G12
11,7062,Photo,G12
11,8111,Photo,G12
11,8050,Photo,G12
44,813,Photo,G12
44,14,Photo,G12
44,1715,Photo,G12
44,16,Photo,G12
44,8765,Photo,G12
33,1,Photo,G12
33,2,Photo,G12
33,15,Photo,G12
33,1717,Photo,G12
33,1718,Photo,G12
33,6035,Photo,G12
33,7040,Photo,G12
2,13,Photo,group09
2,14,Photo,group09
2,15,Photo,group09
2,16,Photo,group09
2,2,Photo,group09
4,26,Photo,group09
4,22,Photo,group09
4,23,Photo,group09
4,24,Photo,group09
4,25,Photo,group09
5,5,Photo,group09
5,6,Photo,group09
5,7,Photo,group09
5,3,Photo,group09
5,0,Photo,group09
5,4,Photo,group09
3,8,Photo,group09
3,9,Photo,group09
3,10,Photo,group09
3,11,Photo,group09
3,12,Photo,group09
3,1,Photo,group09
1,27,Photo,group09
1,28,Photo,group09
1,29,Photo,group09
1,30,Photo,group09
1,31,Photo,group09
0,17,Photo,group09
0,18,Photo,group09
0,19,Photo,group09
0,20,Photo,group09
0,21,Photo,group09
5,4,Video,G11
4,3,Photo,G11
1,1,Photo,G14
1,6,Photo,G14
1,7,Photo,G14
1,8,Photo,G14
1,9,Photo,G14
2,2,Photo,G14
2,17,Photo,G14
2,23,Photo,G14
2,24,Photo,G14
2,25,Photo,G14
3,4,Photo,G14
3,13,Photo,G14
3,14,Photo,G14
3,15,Photo,G14
3,16,Photo,G14
4,18,Photo,G14
4,19,Photo,G14
4,20,Photo,G14
4,21,Photo,G14
4,22,Photo,G14
5,3,Video,G14
5,5,Photo,G14
5,10,Photo,G14
5,11,Photo,G14
5,12,Photo,G14
1,8,Photo,group15
1,9,Photo,group15
1,10,Photo,group15
1,11,Photo,group15
1,12,Photo,group15
5,13,Photo,group15
5,15,Photo,group15
5,14,Photo,group15
5,16,Photo,group15
5,17,Photo,group15
2,18,Photo,group15
2,19,Photo,group15
2,20,Photo,group15
2,21,Photo,group15
2,22,Photo,group15
4,26,Photo,group15
4,27,Photo,group15
4,25,Photo,group15
4,23,Photo,group15
4,24,Photo,group15
3,3,Photo,group15
3,4,Photo,group15
3,5,Photo,group15
3,6,Photo,group15
3,7,Photo,group15
2,6,Photo,G17
2,7,Photo,G17
2,8,Photo,G17
2,9,Photo,G17
2,10,Photo,G17
1,1,Photo,G17
1,2,Photo,G17
1,3,Photo,G17
1,4,Photo,G17
1,5,Photo,G17
3,11,Photo,G17
3,12,Photo,G17
3,13,Photo,G17
3,14,Photo,G17
3,15,Photo,G17
4,16,Photo,G17
4,17,Photo,G17
4,18,Photo,G17
4,19,Photo,G17
4,20,Photo,G17
5,21,Photo,G17
5,22,Photo,G17
5,23,Photo,G17
5,24,Photo,G17
5,25,Photo,G17
1,1,Photo,group19
1,2,Photo,group19
1,3,Photo,group19
1,4,Video,group19
1,21,Photo,group19
4,13,Photo,group19
4,14,Photo,group19
4,15,Photo,group19
4,16,Video,group19
4,22,Photo,group19
2,5,Photo,group19
2,6,Photo,group19
2,7,Photo,group19
2,8,Video,group19
2,23,Photo,group19
5,17,Photo,group19
5,18,Photo,group19
5,19,Photo,group19
5,20,Video,group19
5,25,Photo,group19
3,9,Photo,group19
3,10,Photo,group19
3,11,Photo,group19
3,12,Video,group19
3,24,Photo,group19
1,111,Photo,G22
1,112,Photo,G22
1,113,Photo,G22
1,114,Photo,G22
1,115,Photo,G22
2,226,Photo,G22
2,227,Photo,G22
2,228,Photo,G22
2,229,Photo,G22
2,230,Photo,G22
3,511,Photo,G22
3,512,Photo,G22
3,513,Photo,G22
3,514,Photo,G22
3,515,Photo,G22
4,516,Photo,G22
4,517,Photo,G22
4,518,Photo,G22
4,519,Photo,G22
4,520,Photo,G22
5,521,Photo,G22
5,522,Photo,G22
5,523,Photo,G22
5,524,Photo,G22
5,525,Photo,G22
5,526,Photo,G22
