1,Trip,private,default
4,Trip,private,default
2,Trip,private,default
3,Trip,private,default
5,Trip,private,default
100,Trip,sharedWithTripMembers,group30
400,Trip,private,group30
500,Trip,private,group30
301,Trip,private,group30
208,Trip,sharedWithTripMembers,group30
307,Trip,public,group6group6
110,Trip,public,group6
211,Trip,public,
      
4001,Trip,private,G05
4003,Trip,private,G05
4002,Trip,private,G05
4005,Trip,private,G05
5004,Trip,private,G05
109,Trip,private,G25
27,Trip,private,G25
35,Trip,private,G25
41,Trip,private,G25
15,Trip,private,G25
11,Trip,public,G22
32,Trip,public,G22
53,Trip,private,G22
44,Trip,private,G22
55,Trip,public,G22
91,Trip,public,G00
203,Trip,public,G00
5350,Trip,public,G00
28,Trip,public,G00
57,Trip,public,G00
59,Trip,public,G00
555,Trip,public,G00
503,Trip,public,G00
105,Trip,public,G23
217,Trip,private,G23
309,Trip,sharedWithTripMembers,G23
415,Trip,sharedWithTripMembers,G23
535,Trip,public,G23
147,Trip,public,G28
286,Trip,private,G28
38,Trip,private,G28
49,Trip,public,G28
50,Trip,sharedWithTripMembers,G28
142,Trip,private,group1
26,Trip,private,group1
36,Trip,private,group1
412,Trip,private,group1
509,Trip,private,group1
133,Trip,private,group3
9211,Trip,public,group3
369,Trip,private,group3
407,Trip,public,group3
765,Trip,private,group3
290,Trip,public,group20
112,Trip,public,group20
511,Trip,public,group20
333,Trip,sharedWithTripMembers,group20
77,Trip,public,group20
86,Trip,public,G12
90,Trip,public,G12
991,Trip,public,G12
95,Trip,public,G12
94,Trip,public,G12
92,Trip,private,group09
71,Trip,private,group09group09
73,Trip,private,group09
70,Trip,private,group09
64,Trip,private,group09
65,Trip,public,G11
154,Trip,public,G11
83,Trip,public,
      
61,Trip,private,G14
832,Trip,private,G14
391,Trip,private,G14
414,Trip,private,G14
541,Trip,public,G14
1001,Trip,private,group15
1005,Trip,private,group15
1002,Trip,private,group15
1004,Trip,private,group15
1003,Trip,private,group15
11002,Trip,private,G17
2001,Trip,private,G17
377,Trip,private,G17
498,Trip,private,G17
574,Trip,private,G17
11511,Trip,private,group19
502,Trip,public,group19
673,Trip,private,group19
634,Trip,public,group19
2005,Trip,private,group19
3001,Trip,public,G22
3002,Trip,public,G22
3003,Trip,private,G22
3004,Trip,private,G22
3005,Trip,public,G22
1,Destination,public,default
2,Destination,public,default
3,Destination,public,default
4,Destination,public,default
5,Destination,public,default
6,Destination,public,group30
7,Destination,public,group30
8,Destination,public,group30
9,Destination,public,group30
10,Destination,public,group30
11,Destination,public,group30
12,Destination,public,group6group6
13,Destination,public,group6
14,Destination,public,group6
15,Destination,public,group6
16,Destination,public,
      
17,Destination,public,G05
18,Destination,public,G05
19,Destination,public,G05
20,Destination,public,G05
21,Destination,public,G05
22,Destination,public,G25
23,Destination,public,G22
24,Destination,public,G22
25,Destination,public,G22
26,Destination,public,G22
27,Destination,public,G22
28,Destination,public,G00
29,Destination,public,G00
30,Destination,public,G00
31,Destination,public,G00
32,Destination,public,G00
33,Destination,public,G23
34,Destination,public,G23
35,Destination,public,G23
36,Destination,public,G23
37,Destination,public,G23
38,Destination,public,G23
39,Destination,public,G28
40,Destination,public,G28
41,Destination,public,G28
42,Destination,public,G28
43,Destination,public,G28
44,Destination,public,group1
45,Destination,public,group1
46,Destination,public,group1
47,Destination,public,group1
48,Destination,public,group1
49,Destination,public,group3
50,Destination,public,group3
51,Destination,public,group3
52,Destination,public,group3
53,Destination,public,group3
54,Destination,public,group20
55,Destination,public,group20
56,Destination,public,group20
57,Destination,public,group20
58,Destination,public,group20
59,Destination,public,group20
60,Destination,public,group20
61,Destination,public,group20
62,Destination,public,group20
63,Destination,public,group20
64,Destination,public,group20
65,Destination,public,group20
66,Destination,public,group20
67,Destination,public,group20
68,Destination,public,G12
69,Destination,public,G12
70,Destination,public,G12
71,Destination,public,G12
72,Destination,public,G12
73,Destination,public,G12
74,Destination,public,G12
75,Destination,public,G12
76,Destination,public,G12
77,Destination,public,G12
78,Destination,public,group09
79,Destination,public,group09group09
80,Destination,public,group09
81,Destination,public,group09
82,Destination,public,group09
83,Destination,public,G11
84,Destination,public,G11
85,Destination,public,
      
86,Destination,public,G14
87,Destination,public,G14
88,Destination,public,G14
89,Destination,public,G14
90,Destination,public,G14
91,Destination,public,group15
92,Destination,public,group15
93,Destination,public,group15
94,Destination,public,group15
95,Destination,public,group15
96,Destination,public,G17
97,Destination,public,G17
98,Destination,public,G17
99,Destination,public,G17
100,Destination,public,G17
101,Destination,public,group19
102,Destination,public,group19
103,Destination,public,group19
104,Destination,public,group19
105,Destination,public,group19
106,Destination,public,G22
107,Destination,public,G22
108,Destination,public,G22
109,Destination,public,G22
110,Destination,public,G22
1,Photo,public,default
2,Photo,public,default
3,Photo,public,default
4,Photo,public,default
5,Photo,public,default
16,Photo,public,default
17,Photo,public,default
18,Photo,public,default
19,Photo,public,default
20,Photo,public,default
6,Photo,public,default
7,Photo,public,default
8,Photo,public,default
9,Photo,public,default
10,Photo,public,default
11,Photo,public,default
12,Photo,public,default
13,Photo,public,default
14,Photo,public,default
15,Photo,public,default
21,Photo,public,default
22,Photo,public,default
23,Photo,public,default
24,Photo,public,default
25,Photo,public,default
1,Photo,public,group30
2,Photo,public,group30
3,Photo,public,group30
4,Photo,public,group30
5,Photo,public,group30
16,Photo,public,group30
17,Photo,public,group30
18,Photo,public,group30
19,Photo,public,group30
20,Photo,public,group30
21,Photo,public,group30
22,Photo,public,group30
23,Photo,public,group30
24,Photo,public,group30
25,Photo,public,group30
11,Photo,public,group30
12,Photo,public,group30
13,Photo,public,group30
14,Photo,public,group30
15,Photo,public,group30
6,Photo,public,group30
7,Photo,public,group30
8,Photo,public,group30
9,Photo,public,group30
10,Photo,public,group30
3,Photo,public,group6
4,Photo,public,group6
1,Photo,public,group6
2,Photo,public,G05
3,Photo,public,G05
4,Photo,public,G05
5,Photo,public,G05
1,Photo,public,G05
11,Photo,public,G05
12,Photo,public,G05
13,Photo,public,G05
14,Photo,public,G05
15,Photo,public,G05
6,Photo,public,G05
7,Photo,public,G05
8,Photo,public,G05
9,Photo,public,G05
10,Photo,public,G05
21,Photo,public,G05
22,Photo,public,G05
23,Photo,public,G05
24,Photo,public,G05
25,Photo,public,G05
16,Photo,public,G05
17,Photo,public,G05
18,Photo,public,G05
19,Photo,public,G05
20,Photo,public,G05
1,Photo,public,G25
2,Photo,public,G25
3,Photo,public,G25
4,Photo,public,G25
5,Photo,public,G25
6,Photo,public,G25
7,Photo,public,G25
8,Photo,public,G25
9,Photo,public,G25
10,Photo,public,G25
15,Photo,public,G25
16,Photo,public,G25
17,Photo,public,G25
18,Photo,public,G25
19,Photo,public,G25
20,Photo,public,G25
21,Photo,public,G25
22,Photo,public,G25
23,Photo,public,G25
24,Photo,public,G25
26,Photo,public,G25
27,Photo,public,G25
28,Photo,public,G25
29,Photo,public,G25
30,Photo,public,G25
1,Photo,public,G22
2,Photo,public,G22
3,Photo,public,G22
4,Photo,public,G22
5,Photo,public,G22
6,Photo,public,G22
7,Photo,public,G22
8,Photo,public,G22
9,Photo,public,G22
10,Photo,public,G22
11,Photo,public,G22
12,Photo,public,G22
13,Photo,public,G22
14,Photo,public,G22
15,Photo,public,G22
16,Photo,public,G22
17,Photo,public,G22
18,Photo,public,G22
19,Photo,public,G22
20,Photo,public,G22
21,Photo,public,G22
22,Photo,public,G22
23,Photo,public,G22
24,Photo,public,G22
25,Photo,public,G22
26,Photo,public,G22
21,Photo,public,G00
22,Photo,public,G00
23,Photo,public,G00
24,Photo,public,G00
25,Photo,public,G00
1,Photo,public,G00
2,Photo,public,G00
6,Photo,public,G00
7,Photo,public,G00
8,Video,public,G00
10,Photo,public,G00
11,Photo,public,G00
12,Photo,public,G00
13,Photo,public,G00
14,Photo,public,G00
1001,Photo,public,G00
1002,Photo,public,G00
1006,Photo,public,G00
1007,Photo,public,G00
1008,Photo,public,G00
710,Photo,public,G00
711,Photo,public,G00
512,Photo,public,G00
513,Photo,public,G00
514,Photo,public,G00
101,Photo,public,G00
111,Photo,public,G00
112,Photo,public,G00
713,Photo,public,G00
714,Photo,public,G00
210,Photo,public,G00
211,Photo,public,G00
212,Photo,public,G00
213,Photo,public,G00
214,Photo,public,G00
310,Photo,public,G00
311,Photo,public,G00
312,Photo,public,G00
813,Photo,public,G00
814,Photo,public,G00
1,Photo,public,G23
2,Photo,public,G23
3,Photo,public,G23
4,Photo,public,G23
5,Photo,public,G23
6,Photo,public,G23
7,Photo,public,G23
8,Photo,public,G23
9,Video,public,G23
10,Photo,public,G23
11,Photo,public,G23
12,Photo,public,G23
13,Photo,public,G23
14,Photo,public,G23
15,Photo,public,G23
16,Photo,public,G23
17,Photo,public,G23
18,Photo,public,G23
19,Photo,public,G23
20,Video,public,G23
21,Photo,public,G23
22,Photo,public,G23
23,Photo,public,G23
24,Photo,public,G23
25,Photo,public,G23
1,Photo,public,G28
2,Photo,public,G28
3,Photo,public,G28
4,Photo,public,G28
5,Photo,public,G28
6,Photo,public,G28
7,Photo,public,G28
8,Photo,public,G28
9,Photo,public,G28
10,Photo,public,G28
11,Photo,public,G28
12,Photo,public,G28
13,Photo,public,G28
14,Photo,public,G28
15,Photo,public,G28
16,Photo,public,G28
17,Photo,public,G28
18,Photo,public,G28
19,Photo,public,G28
20,Photo,public,G28
21,Photo,public,G28
22,Photo,public,G28
23,Photo,public,G28
24,Photo,public,G28
25,Photo,public,G28
1,Photo,public,group1
3,Photo,public,group1
4,Photo,public,group1
5,Photo,public,group1
6,Photo,public,group1
2,Photo,public,group1
7,Photo,public,group1
8,Photo,public,group1
9,Photo,public,group1
10,Photo,public,group1
11,Photo,public,group1
12,Photo,public,group1
13,Photo,public,group1
14,Photo,public,group1
4015,Photo,public,group1
16,Photo,public,group1
17,Photo,public,group1
18,Photo,public,group1
19,Photo,public,group1
20,Photo,public,group1
21,Photo,public,group1
22,Photo,public,group1
23,Photo,public,group1
24,Photo,public,group1
25,Photo,public,group1
1,Photo,public,group3
2,Photo,public,group3
3,Photo,public,group3
4,Photo,public,group3
5,Photo,public,group3
6,Photo,public,group3
7,Photo,public,group3
8,Photo,public,group3
9,Photo,public,group3
10,Photo,public,group3
11,Photo,public,group3
12,Photo,public,group3
13,Photo,public,group3
14,Photo,public,group3
15,Photo,public,group3
16,Photo,public,group3
17,Photo,public,group3
18,Photo,public,group3
19,Photo,public,group3
20,Photo,public,group3
21,Photo,public,group3
22,Photo,public,group3
23,Photo,public,group3
24,Photo,public,group3
25,Photo,public,group3
6,Photo,public,group20
7,Photo,public,group20
8,Photo,public,group20
9,Photo,public,group20
10,Photo,public,group20
1,Photo,public,group20
2,Photo,public,group20
3,Photo,public,group20
4,Photo,public,group20
5,Photo,public,group20
21,Photo,public,group20
22,Photo,public,group20
23,Photo,public,group20
24,Photo,public,group20
25,Photo,public,group20
11,Photo,public,group20
12,Photo,public,group20
13,Photo,public,group20
14,Photo,public,group20
15,Photo,public,group20
16,Photo,public,group20
17,Photo,public,group20
18,Photo,public,group20
19,Photo,public,group20
20,Photo,public,group20
8,Photo,public,G12
9,Photo,public,G12
10,Photo,public,G12
12,Photo,public,G12
13,Photo,public,G12
17,Photo,public,G12
18,Photo,public,G12
19,Photo,public,G12
5062,Photo,public,G12
8000,Photo,public,G12
5,Photo,public,G12
98,Photo,public,G12
7062,Photo,public,G12
8111,Photo,public,G12
8050,Photo,public,G12
813,Photo,public,G12
14,Photo,public,G12
1715,Photo,public,G12
16,Photo,public,G12
8765,Photo,public,G12
1,Photo,public,G12
2,Photo,public,G12
15,Photo,public,G12
1717,Photo,public,G12
1718,Photo,public,G12
6035,Photo,public,G12
7040,Photo,public,G12
13,Photo,public,group09
14,Photo,public,group09
15,Photo,public,group09
16,Photo,public,group09
2,Photo,public,group09
26,Photo,public,group09
22,Photo,public,group09
23,Photo,public,group09
24,Photo,public,group09
25,Photo,public,group09
5,Photo,public,group09
6,Photo,public,group09
7,Photo,public,group09
3,Photo,public,group09
0,Photo,public,group09
4,Photo,public,group09
8,Photo,public,group09
9,Photo,public,group09
10,Photo,public,group09
11,Photo,public,group09
12,Photo,public,group09
1,Photo,public,group09
27,Photo,public,group09
28,Photo,public,group09
29,Photo,public,group09
30,Photo,public,group09
31,Photo,public,group09
17,Photo,public,group09
18,Photo,public,group09
19,Photo,public,group09
20,Photo,public,group09
21,Photo,public,group09
4,Video,public,G11
3,Photo,public,G11
1,Photo,public,G14
6,Photo,public,G14
7,Photo,public,G14
8,Photo,public,G14
9,Photo,public,G14
2,Photo,public,G14
17,Photo,public,G14
23,Photo,public,G14
24,Photo,public,G14
25,Photo,public,G14
4,Photo,public,G14
13,Photo,public,G14
14,Photo,public,G14
15,Photo,public,G14
16,Photo,public,G14
18,Photo,public,G14
19,Photo,public,G14
20,Photo,public,G14
21,Photo,public,G14
22,Photo,public,G14
3,Video,public,G14
5,Photo,public,G14
10,Photo,public,G14
11,Photo,public,G14
12,Photo,public,G14
8,Photo,public,group15
9,Photo,public,group15
10,Photo,public,group15
11,Photo,public,group15
12,Photo,public,group15
13,Photo,public,group15
15,Photo,public,group15
14,Photo,public,group15
16,Photo,public,group15
17,Photo,public,group15
18,Photo,public,group15
19,Photo,public,group15
20,Photo,public,group15
21,Photo,public,group15
22,Photo,public,group15
26,Photo,public,group15
27,Photo,public,group15
25,Photo,public,group15
23,Photo,public,group15
24,Photo,public,group15
3,Photo,public,group15
4,Photo,public,group15
5,Photo,public,group15
6,Photo,public,group15
7,Photo,public,group15
6,Photo,public,G17
7,Photo,public,G17
8,Photo,public,G17
9,Photo,public,G17
10,Photo,public,G17
1,Photo,public,G17
2,Photo,public,G17
3,Photo,public,G17
4,Photo,public,G17
5,Photo,public,G17
11,Photo,public,G17
12,Photo,public,G17
13,Photo,public,G17
14,Photo,public,G17
15,Photo,public,G17
16,Photo,public,G17
17,Photo,public,G17
18,Photo,public,G17
19,Photo,public,G17
20,Photo,public,G17
21,Photo,public,G17
22,Photo,public,G17
23,Photo,public,G17
24,Photo,public,G17
25,Photo,public,G17
1,Photo,public,group19
2,Photo,public,group19
3,Photo,public,group19
4,Video,public,group19
21,Photo,public,group19
13,Photo,public,group19
14,Photo,public,group19
15,Photo,public,group19
16,Video,public,group19
22,Photo,public,group19
5,Photo,public,group19
6,Photo,public,group19
7,Photo,public,group19
8,Video,public,group19
23,Photo,public,group19
17,Photo,public,group19
18,Photo,public,group19
19,Photo,public,group19
20,Video,public,group19
25,Photo,public,group19
9,Photo,public,group19
10,Photo,public,group19
11,Photo,public,group19
12,Video,public,group19
24,Photo,public,group19
111,Photo,public,G22
112,Photo,public,G22
113,Photo,public,G22
114,Photo,public,G22
115,Photo,public,G22
226,Photo,public,G22
227,Photo,public,G22
228,Photo,public,G22
229,Photo,public,G22
230,Photo,public,G22
511,Photo,public,G22
512,Photo,public,G22
513,Photo,public,G22
514,Photo,public,G22
515,Photo,public,G22
516,Photo,public,G22
517,Photo,public,G22
518,Photo,public,G22
519,Photo,public,G22
520,Photo,public,G22
521,Photo,public,G22
522,Photo,public,G22
523,Photo,public,G22
524,Photo,public,G22
525,Photo,public,G22
526,Photo,public,G22
