1,http://lovesphotoalbum.com/wp-content/uploads/2013/09/Small-Cobblestone-Street-In-Philly.jpg,Photo,default
2,http://upload.wikimedia.org/wikipedia/commons/5/5c/Philly_Street_Commons.jpg,Photo,default
3,http://home.comcast.net/~m.chitty/philadelphia2011june%20026.JPG,Photo,default
4,http://hiddencityphila.org/wp-content/uploads/2013/11/dsc_0025.jpeg,Photo,default
5,http://www.metromba.com/wp-content/uploads/2013/02/la-salle-library-Audrey-Wiki.jpg,Photo,default
16,http://www.sjsu.edu/housingoptions/pics/campus-housing.jpg,Photo,default
17,http://www.sjsu.edu/housingoptions/pics/housing_220.jpg,Photo,default
18,http://www.sjsu.edu/housingoptions/pics/international_house_220.jpg,Photo,default
19,http://www.sjsu.edu/housingoptions/pics/downtown_220.jpg,Photo,default
20,http://www.aa.com/content/images/production/marketing-headers/san-jose-del-cabo-destination.jpg,Photo,default
6,https://www.landegode.com/media/k2/items/cache/62fb5f1024529266c6e71c0c0c9ddb3c_XL.jpg,Photo,default
7,http://manseekingcoffee.com/wp-content/uploads/2010/03/sprucestreetfront-e1269060582373.jpg,Photo,default
8,http://manseekingcoffee.com/wp-content/uploads/2010/03/sprucestreetbar-e1269060644898.jpg,Photo,default
9,http://manseekingcoffee.com/wp-content/uploads/2010/03/sprucestreetespresso-e1269060764570.jpg,Photo,default
10,http://www.gourmet.com/images/restaurants/2009/09/rs-street-food-philadelphia-608.jpg,Photo,default
11,http://cdn1.buuteeq.com/upload/16449/100_0567.JPG.737x248_default.JPG,Photo,default
12,http://cdn1.buuteeq.com/upload/16449/100-04071.JPG.250x187_default.JPG,Photo,default
13,http://cdn1.buuteeq.com/upload/16449/100_0049.JPG.250x187_default.JPG,Photo,default
14,http://cdn1.buuteeq.com/upload/16449/dinner-meal-jan-2014.JPG.250x187_default.JPG,Photo,default
15,http://www.unforgettablehoneymoons.com/uploads/packages/packages_33_image_lg.jpg,Photo,default
21,http://jessexplainsitall.com/wp-content/uploads/2013/09/love-raleigh.jpg,Photo,default
22,http://jessexplainsitall.com/wp-content/uploads/2013/09/five-points.jpg,Photo,default
23,http://jessexplainsitall.com/wp-content/uploads/2013/09/gboro-art-walker-st.jpg,Photo,default
24,http://jessexplainsitall.com/wp-content/uploads/2013/09/NC-sign.jpg,Photo,default
25,http://www.flatgrassblog.com/wp-content/uploads/2009/01/1-plumbing-supplies-going-in-the-hole.jpg,Photo,default
1,http://img.ivsky.com/img/tupian/pre/201411/04/haishui_haitan-011.jpg,Photo,group30
2,http://img.ivsky.com/img/tupian/pre/201411/04/haishui_haitan-001.jpg,Photo,group30
3,http://img.ivsky.com/img/tupian/pre/201411/04/haishui_haitan-002.jpg,Photo,group30
4,http://img.ivsky.com/img/tupian/pre/201411/04/haishui_haitan-003.jpg,Photo,group30
5,http://img.ivsky.com/img/tupian/pre/201411/04/haishui_haitan-004.jpg,Photo,group30
16,http://img.ivsky.com/img/tupian/pre/201411/04/haishui_haitan-004.jpg,Photo,group30
17,http://img.ivsky.com/img/tupian/pre/201411/04/haishui_haitan-005.jpg,Photo,group30
18,http://img.ivsky.com/img/tupian/pre/201411/04/haishui_haitan-006.jpg,Photo,group30
19,http://img.ivsky.com/img/tupian/pre/201411/04/haishui_haitan-007.jpg,Photo,group30
20,http://img.ivsky.com/img/tupian/pre/201411/04/haishui_haitan-008.jpg,Photo,group30
21,http://img.ivsky.com/img/tupian/pre/201411/04/haishui_haitan-009.jpg,Photo,group30
22,http://img.ivsky.com/img/tupian/pre/201411/04/haishui_haitan-010.jpg,Photo,group30
23,http://img.ivsky.com/img/tupian/pre/201411/04/haishui_haitan-011.jpg,Photo,group30
24,http://img.ivsky.com/img/tupian/pre/201411/04/haishui_haitan-010.jpg,Photo,group30
25,http://img.ivsky.com/img/tupian/pre/201411/04/haishui_haitan-009.jpg,Photo,group30
11,http://img.ivsky.com/img/tupian/pre/201411/04/haishui_haitan-010.jpg,Photo,group30
12,http://img.ivsky.com/img/tupian/pre/201411/04/haishui_haitan-011.jpg,Photo,group30
13,http://img.ivsky.com/img/tupian/pre/201411/04/haishui_haitan-001.jpg,Photo,group30
14,http://img.ivsky.com/img/tupian/pre/201411/04/haishui_haitan-002.jpg,Photo,group30
15,http://img.ivsky.com/img/tupian/pre/201411/04/haishui_haitan-003.jpg,Photo,group30
6,http://img.ivsky.com/img/tupian/pre/201411/04/haishui_haitan-005.jpg,Photo,group30
7,http://img.ivsky.com/img/tupian/pre/201411/04/haishui_haitan-006.jpg,Photo,group30
8,http://img.ivsky.com/img/tupian/pre/201411/04/haishui_haitan-007.jpg,Photo,group30
9,http://img.ivsky.com/img/tupian/pre/201411/04/haishui_haitan-008.jpg,Photo,group30
10,http://img.ivsky.com/img/tupian/pre/201411/04/haishui_haitan-009.jpg,Photo,group30
3,http://tinyurl.com/n9avfzg,Photo,group6
4,http://tinyurl.com/l8monox,Photo,group6
1,http://tinyurl.com/qbstpx3,Photo,group6
2,http://www.pachd.com/free-images/nature-images/sunset-04.jpg,Photo,G05
3,http://www.pachd.com/free-images/nature-images/nature-04.jpg,Photo,G05
4,http://www.pachd.com/free-images/nature-images/nature-09.jpg,Photo,G05
5,http://www.pachd.com/free-images/nature-images/nature-10.jpg,Photo,G05
1,http://www.pachd.com/free-images/nature-images/nature-01.jpg,Photo,G05
11,http://www.pachd.com/free-images/nature-images/nature-19.jpg,Photo,G05
12,http://www.pachd.com/free-images/nature-images/nature-20.jpg,Photo,G05
13,http://www.pachd.com/free-images/nature-images/nature-21.jpg,Photo,G05
14,http://www.pachd.com/free-images/nature-images/nature-22.jpg,Photo,G05
15,http://www.pachd.com/free-images/nature-images/nature-23.jpg,Photo,G05
6,http://www.pachd.com/free-images/nature-images/nature-05.jpg,Photo,G05
7,http://www.pachd.com/free-images/nature-images/nature-15.jpg,Photo,G05
8,http://www.pachd.com/free-images/nature-images/nature-16.jpg,Photo,G05
9,http://www.pachd.com/free-images/nature-images/nature-17.jpg,Photo,G05
10,http://www.pachd.com/free-images/nature-images/nature-18.jpg,Photo,G05
21,http://www.pachd.com/free-images/nature-images/nature-29.jpg,Photo,G05
22,http://www.pachd.com/free-images/nature-images/nature-30.jpg,Photo,G05
23,http://www.pachd.com/free-images/nature-images/nature-31.jpg,Photo,G05
24,http://www.pachd.com/free-images/nature-images/nature-32.jpg,Photo,G05
25,http://www.pachd.com/free-images/nature-images/nature-33.jpg,Photo,G05
16,http://www.pachd.com/free-images/nature-images/nature-24.jpg,Photo,G05
17,http://www.pachd.com/free-images/nature-images/nature-25.jpg,Photo,G05
18,http://www.pachd.com/free-images/nature-images/nature-26.jpg,Photo,G05
19,http://www.pachd.com/free-images/nature-images/nature-27.jpg,Photo,G05
20,http://www.pachd.com/free-images/nature-images/nature-28.jpg,Photo,G05
1,bit.ly/12345,Photo,G25
2,bit.ly/2,Photo,G25
3,bit.ly/3,Photo,G25
4,bit.ly/4,Photo,G25
5,www.youtube.com/watch?v=dQw4w9WgXcQ,Photo,G25
6,bit.ly/6,Photo,G25
7,bit.ly/7,Photo,G25
8,bit.ly/8,Photo,G25
9,bit.ly/9,Photo,G25
10,bit.ly/10,Photo,G25
15,bit.ly/10229111115,Photo,G25
16,bit.ly/103299,Photo,G25
17,bit.ly/103257,Photo,G25
18,bit.ly/5000055,Photo,G25
19,bit.ly/nonexistent,Photo,G25
20,bit.ly/10221,Photo,G25
21,bit.ly/102232491,Photo,G25
22,bit.ly/12491,Photo,G25
23,bit.ly/1032232491,Photo,G25
24,bit.ly/10223249991,Photo,G25
26,bit.ly/1022324291,Photo,G25
27,bit.ly/122491,Photo,G25
28,bit.ly/10322322491,Photo,G25
29,bit.ly/10223224491,Photo,G25
30,bit.ly/102232249991,Photo,G25
1,http://upload.wikimedia.org/wikipedia/commons/2/2b/GoraBeluha.jpg,Photo,G22
2,http://i.telegraph.co.uk/multimedia/archive/02625/mountain1_2625884k.jpg,Photo,G22
3,http://upload.wikimedia.org/wikipedia/commons/2/20/Red_Slate_Mountain_1.jpg,Photo,G22
4,http://upload.wikimedia.org/wikipedia/commons/d/d3/Tajik_mountains_edit.jpg,Photo,G22
5,http://www.mrwallpaper.com/wallpapers/mountains-scenery.jpg,Photo,G22
6,http://ichef.bbci.co.uk/naturelibrary/images/ic/credit/640x395/m/mo/mountain/mountain_1.jpg,Photo,G22
7,http://channel.nationalgeographic.com/exposure/content/photo/photo/50757_mountains-of-chile_u4otpkuoohegc34cxym6cgqbe3ncurxrbvj6lwuht2ya6mzmafma_610x457.jpg,Photo,G22
8,http://i.telegraph.co.uk/multimedia/archive/02423/london_2423609b.jpg,Photo,G22
9,http://srinistuff.files.wordpress.com/2014/08/london_nla_londonsgrowingupc2a9cpat-hayes-davidson-jason-hawkes.jpg,Photo,G22
10,http://libertychurchlondon.com/wp-content/uploads/2013/01/london1.jpg,Photo,G22
11,http://cdni.wired.co.uk/1920x1280/k_n/London_5.jpg,Photo,G22
12,http://web.fredonia.edu/iecmap/sites/default/files/images/city-of-London.jpg,Photo,G22
13,http://cache.graphicslib.viator.com/graphicslib/thumbs674x446/2050/SITours/eiffel-tower-paris-moulin-rouge-show-and-seine-river-cruise-in-paris-150305.jpg,Photo,G22
14,http://img4.wikia.nocookie.net/__cb20131213104910/disney/images/f/f6/Eiffel_Tower,_Paris.jpg,Photo,G22
15,http://oproimg-mdz.open-system.fr/boutique/otparis-museumpass/pcp/arc_600_390.jpg,Photo,G22
16,http://www.milanocard.it/wp-content/uploads/2014/03/Venezia-milano.jpg,Photo,G22
17,http://i.telegraph.co.uk/multimedia/archive/02370/Venice-winter_2370349b.jpg,Photo,G22
18,http://www.telegraph.co.uk/travel/destination/article129429.ece/ALTERNATES/w620/venicetravelguide5.jpg,Photo,G22
19,http://foundtheworld.com/wp-content/uploads/2014/07/Venice-Italy-3.jpg,Photo,G22
20,http://www.newjetsetters.com/wp-content/uploads/2013/06/Venice-at-Night.jpg,Photo,G22
21,http://www.topvisitplaces.com/wp-content/uploads/2014/02/rialto-bridge-venice-italy.jpg,Photo,G22
22,http://www.bmiregional.com/upload/milan.jpg,Photo,G22
23,http://cache.graphicslib.viator.com/graphicslib/media/68/cinque-terre-day-trip-from-milan-photo_1079656-fit468x296.jpg,Photo,G22
24,http://drupal.in-cdn.net/cdn/article/public/living_in_milan.jpg,Photo,G22
25,http://www.castanotours.com/images/info-milan4.jpg,Photo,G22
26,http://upload.wikimedia.org/wikipedia/commons/2/23/Hong_Kong_Skyline_Restitch_-_Dec_2007.jpg,Photo,G22
21,http://img4.wikia.nocookie.net/__cb20131213104910/disney/images/f/f6/Eiffel_Tower,_Paris.jpg,Photo,G00
22,http://worth1000.s3.amazonaws.com/submissions/10740500/10740751_5342_625x1000.jpg,Photo,G00
23,http://wac.450f.edgecastcdn.net/80450F/wkxzfm.com/files/2012/05/Rocket-Eiffel-Tower.jpg,Photo,G00
24,http://i.dailymail.co.uk/i/pix/2014/01/03/article-2533373-1A67496300000578-171_634x508.jpg,Photo,G00
25,http://photography.incyder.info/media/uploads/2013/02/forced-perspective-funny-photos-Flickr-benjaminasmith-2013-02-19-CC-BY-SA-2.0.jpg,Photo,G00
1,http://affairstoday.co.uk/wp-content/uploads/2014/09/Sunrise-in-Prague.jpg,Photo,G00
2,http://www.toimg.net/managed/images/10021443/image.jpg,Photo,G00
6,http://ibfm2014.org/pictures/big/Prague_sunrise_(8099151633.jpg,Photo,G00
7,http://www.maierandmaierphotography.com/wp-content/uploads/2013/03/astronomical-clock-prague-czech-republic.jpg,Photo,G00
10,http://www.purpletravel.co.uk/images/destinations/462-Cape_Verde/Cape_Verde_Cheap_holidays_with_PurpleTravel_11.jpg,Photo,G00
11,http://newmedia.thomson.co.uk/live/vol/0/6ab03ca2d33770e0b8a1b0eadaa59b10a326b86f/1080x608/web/AFRICACAPEVERDECAPEVERDEISLANDSBOAVISTARES_004235ROYALDECAMERONBOAVISTA.jpg,Photo,G00
12,http://www.charterflights.co.uk/assets/countries/440x280/35/3992876195.jpg,Photo,G00
13,http://www.cvlifestyle.com/1/wp-content/uploads/maio_praia_Cape-Verde-Wallpaper.jpg,Photo,G00
14,http://www.divereport.com/assets/Uploads/location-photos/5595972322765335822771048895529n.jpg,Photo,G00
1001,http://affairstoday.co.uk/wp-content/uploads/2014/09/Sunrise-in-Prague.jpg,Photo,G00
1002,http://www.toimg.net/managed/images/10021443/image.jpg,Photo,G00
1006,http://ibfm2014.org/pictures/big/Prague_sunrise_(8099151633.jpg,Photo,G00
1007,http://www.maierandmaierphotography.com/wp-content/uploads/2013/03/astronomical-clock-prague-czech-republic.jpg,Photo,G00
1008,https://www.youtube.com/watch?v=ZVNGtB0NMy8,Photo,G00
710,http://www.purpletravel.co.uk/images/destinations/462-Cape_Verde/Cape_Verde_Cheap_holidays_with_PurpleTravel_11.jpg,Photo,G00
711,http://newmedia.thomson.co.uk/live/vol/0/6ab03ca2d33770e0b8a1b0eadaa59b10a326b86f/1080x608/web/AFRICACAPEVERDECAPEVERDEISLANDSBOAVISTARES_004235ROYALDECAMERONBOAVISTA.jpg,Photo,G00
512,http://www.charterflights.co.uk/assets/countries/440x280/35/3992876195.jpg,Photo,G00
513,http://www.cvlifestyle.com/1/wp-content/uploads/maio_praia_Cape-Verde-Wallpaper.jpg,Photo,G00
514,http://www.divereport.com/assets/Uploads/location-photos/5595972322765335822771048895529n.jpg,Photo,G00
101,http://www.purpletravel.co.uk/images/destinations/462-Cape_Verde/Cape_Verde_Cheap_holidays_with_PurpleTravel_11.jpg,Photo,G00
111,http://newmedia.thomson.co.uk/live/vol/0/6ab03ca2d33770e0b8a1b0eadaa59b10a326b86f/1080x608/web/AFRICACAPEVERDECAPEVERDEISLANDSBOAVISTARES_004235ROYALDECAMERONBOAVISTA.jpg,Photo,G00
112,http://www.charterflights.co.uk/assets/countries/440x280/35/3992876195.jpg,Photo,G00
713,http://www.cvlifestyle.com/1/wp-content/uploads/maio_praia_Cape-Verde-Wallpaper.jpg,Photo,G00
714,http://www.divereport.com/assets/Uploads/location-photos/5595972322765335822771048895529n.jpg,Photo,G00
210,http://www.purpletravel.co.uk/images/destinations/462-Cape_Verde/Cape_Verde_Cheap_holidays_with_PurpleTravel_11.jpg,Photo,G00
211,http://newmedia.thomson.co.uk/live/vol/0/6ab03ca2d33770e0b8a1b0eadaa59b10a326b86f/1080x608/web/AFRICACAPEVERDECAPEVERDEISLANDSBOAVISTARES_004235ROYALDECAMERONBOAVISTA.jpg,Photo,G00
212,http://www.charterflights.co.uk/assets/countries/440x280/35/3992876195.jpg,Photo,G00
213,http://www.cvlifestyle.com/1/wp-content/uploads/maio_praia_Cape-Verde-Wallpaper.jpg,Photo,G00
214,http://www.divereport.com/assets/Uploads/location-photos/5595972322765335822771048895529n.jpg,Photo,G00
310,http://www.purpletravel.co.uk/images/destinations/462-Cape_Verde/Cape_Verde_Cheap_holidays_with_PurpleTravel_11.jpg,Photo,G00
311,http://newmedia.thomson.co.uk/live/vol/0/6ab03ca2d33770e0b8a1b0eadaa59b10a326b86f/1080x608/web/AFRICACAPEVERDECAPEVERDEISLANDSBOAVISTARES_004235ROYALDECAMERONBOAVISTA.jpg,Photo,G00
312,http://www.charterflights.co.uk/assets/countries/440x280/35/3992876195.jpg,Photo,G00
813,http://www.cvlifestyle.com/1/wp-content/uploads/maio_praia_Cape-Verde-Wallpaper.jpg,Photo,G00
814,http://www.divereport.com/assets/Uploads/location-photos/5595972322765335822771048895529n.jpg,Photo,G00
1,http://triathlonquebec.objectif226.ca/wp-content/uploads/2012/03/2014.jpg,Photo,G23
2,http://media-cdn.tripadvisor.com/media/photo-s/05/27/cc/bc/place-jacques-cartier.jpg,Photo,G23
3,http://upload.wikimedia.org/wikipedia/commons/d/d7/Universit%C3%A9_de_Montr%C3%A9al.JPG,Photo,G23
4,http://media.expedia.com/media/content/shared/images/travelguides/destination/178288/Montreal-48957.jpg,Photo,G23
5,http://images.nationalgeographic.com/wpf/media-live/photos/000/544/cache/montreal-notre-dame_54459_600x450.jpg,Photo,G23
6,http://upload.wikimedia.org/wikipedia/commons/3/39/NYC_Top_of_the_Rock_Pano.jpg,Photo,G23
7,http://i.huffpost.com/gen/1151206/thumbs/o-ANTI-GAY-ATTACKS-NEW-YORK-facebook.jpg,Photo,G23
8,http://graphics8.nytimes.com/images/2011/07/03/travel/03checkin_span/03checkin_span-articleLarge.jpg,Photo,G23
10,http://www.nyhabitat.com/blog/wp-content/uploads/2012/06/fireworks-new-york-brooklyn-macys-july-4th-nyc.jpg,Photo,G23
11,http://www.keralatourskerala.com/gifs/kerala-tours3.jpg,Photo,G23
12,http://www.bargaintravel4u.co.uk/assets/kerala-holidays_2.jpg,Photo,G23
13,http://main.orangetrips.com/wordpress/wp-content/uploads/2013/06/keralatreehouse2.jpg,Photo,G23
14,http://images.boomsbeat.com/data/images/full/2648/32-jpg.jpg,Photo,G23
15,http://planetden.com/wp-content/uploads/2014/03/taj11.jpg,Photo,G23
16,http://2.bp.blogspot.com/-nxEBRLkWghw/URi76xnKL2I/AAAAAAAAMoQ/0dw7rsG_tFA/s1600/Blue+Mosques+in+Turkey.jpg,Photo,G23
17,http://universityi.com/wp-content/uploads/2012/09/turkey-country-turciya.jpg,Photo,G23
18,http://www.smartsailing.org/images/galeri/marmaris/marmaris%20(5).jpg,Photo,G23
19,http://www.travelingmyself.com/wp-content/uploads/2013/09/Facts-About-Turkey-Country-Demre-in-Antalya-600x450.jpg,Photo,G23
21,http://www.anpc.com/wp-content/uploads/2012/10/antarctica-travel-holiday-wallpapers_88.jpg,Photo,G23
22,http://i.telegraph.co.uk/multimedia/archive/02642/antarctica_2642820b.jpg,Photo,G23
23,http://www.nathab.com/uploaded-files/carousels/TRIPS/Antarctica-Falklands/Antarctica-Falklands-South-Georgia-humpback.jpg,Photo,G23
24,http://www.nhm.ac.uk/resources-rx/images/1008/adelie-penguins_107750_1.jpg,Photo,G23
25,http://i.telegraph.co.uk/multimedia/archive/02192/penguins-camera_2192455k.jpg,Photo,G23
1,http://www.thousandwonders.net/Rocky+Mountain+National+Park,Photo,G28
2,https://encrypted-tbn0.gstatic.com/images?q=tbn:ANd9GcToDgINPQGXjqw77p6jsTmI7iBHhW7q4b9tv_LpdN1qnN19Vner,Photo,G28
3,https://encrypted-tbn2.gstatic.com/images?q=tbn:ANd9GcQbcI4WYMoVSPek2cX1UuEJIyVlqRDFBOjkT_1clQlCaQ0SDf1xmw,Photo,G28
4,https://encrypted-tbn1.gstatic.com/images?q=tbn:ANd9GcSbZ2T8tKhHcPEMJ5ZeUbMeQFLrhpP6LYeEh1wHVT6IJoy1tnblzg,Photo,G28
5,https://encrypted-tbn3.gstatic.com/images?q=tbn:ANd9GcSCOXhDWG2_3uU8r1cbtDx_EIDa2qRbcqeHHHY1Cza0wJJ1gdER,Photo,G28
6,http://upload.wikimedia.org/wikipedia/commons/d/dc/Skyscrapers_of_Shinjuku_2009_January_(revised).jpg,Photo,G28
7,http://www.lawlormediagroup.com/wp-content/uploads/Tokyo-Skytree1.jpg,Photo,G28
8,http://www.seejapan.co.uk/Libraries/New_Site_Images/TOKYO-SKYTREE-credit-to-_c.sflb.ashx,Photo,G28
9,http://cache.graphicslib.viator.com/graphicslib/destination/tokyo-168353.jpg,Photo,G28
10,https://encrypted-tbn2.gstatic.com/images?q=tbn:ANd9GcTElvAUxfCzD2gyYF7RUZ4wMBkqA0_xjlisWWjX3gIauQ7tHvmRGQ,Photo,G28
11,http://lerablog.org/wp-content/uploads/2013/05/alaska-mountains.jpg,Photo,G28
12,http://d1jqu7g1y74ds1.cloudfront.net/wp-content/uploads/2014/03/IMG_0825lrweb.jpg,Photo,G28
13,http://www.alaska-travel.net/Alaska-slides/fullsize/Alaska-Railroad.jpg,Photo,G28
14,https://encrypted-tbn3.gstatic.com/images?q=tbn:ANd9GcQW3x0aCmkl2zthiXOQ90Ghu6wFX-5ffgM4AERWmByVg3A1a7gE,Photo,G28
15,https://encrypted-tbn2.gstatic.com/images?q=tbn:ANd9GcQa2-_WgFVtQ51u2Pijjgd-oUgDZjzDVaXA7yYuobL1jbpKzrhx,Photo,G28
16,http://www.palladiumdiscoverypromo.com/wp-content/uploads/2014/04/Caribbean-Sea-Beach.jpg,Photo,G28
17,http://hdwallpaper.freehdw.com/0002/nature-landscapes_hdwallpaper_crystal-clear-caribbean-sea_19142.jpg,Photo,G28
18,https://encrypted-tbn3.gstatic.com/images?q=tbn:ANd9GcSfCkwhYrjwVmaBsE7I6ak4xYfcoDX8eVSlidmzXV0BRubitvsyzw,Photo,G28
19,http://www.hoayachting.com/yacht-charter-destinations/images/Caribbean%20Sea-20-164.jpg,Photo,G28
20,http://www.hoayachting.com/yacht-charter-destinations/images/Caribbean%20Sea-20-158.jpg,Photo,G28
21,http://www.natcom.org/uploadedImages/More_Scholarly_Resources/Doctoral_Program_Resource_Guide/UPenn%20Campus.jpg,Photo,G28
22,http://upload.wikimedia.org/wikipedia/commons/c/c2/Quadrangle_Building_at_the_University_of_Pennsylvania.jpg,Photo,G28
23,http://www.atmtxphoto.com/Portfolio/Pennsylvania/i-5rGjCvj/0/L/phila-pa-penn-furness-library-1-L.jpg,Photo,G28
24,https://c2.staticflickr.com/4/3252/5740136095_a388a516af_z.jpg,Photo,G28
25,http://www.mappery.com/maps/University-of-Pennsylvania-3D-campus-map.jpg,Photo,G28
1,www.dummy.com/u3lsjf,Photo,group1
3,www.parisman.com,Photo,group1
4,www.pariskid.com,Photo,group1
5,www.dummy.com/fdgdf,Photo,group1
6,www.paris-tourism.com/fdsfs,Photo,group1
2,www.dummy.com/f23f,Photo,group1
7,www.amsterdam-cool.com/fdsfsfs,Photo,group1
8,www.dummy.com/34ds,Photo,group1
9,www.dfsfs.com/dsfs,Photo,group1
10,www.rent-amsterdam.com/poofds,Photo,group1
11,www.ozu-flicks.com/img/ozu_smooth_jazz,Photo,group1
12,www.my-tokyo-trip.com/my-pink-bento,Photo,group1
13,www.rightstufff.com/akibatrip,Photo,group1
14,www.dummy.com/twewy,Photo,group1
4015,www.dummy.com/akba,Photo,group1
16,www.brgues.com/fsdfs,Photo,group1
17,www.dummy.com/frrel,Photo,group1
18,www.dummy.com/belfty,Photo,group1
19,www.dummy.com/i-film-movies,Photo,group1
20,www.dummy.com/actor,Photo,group1
21,www.dummy.com/cow,Photo,group1
22,www.vnp.com/vid-news-prod,Photo,group1
23,www.dummy.com/homeboy,Photo,group1
24,www.dummy.com/cctus,Photo,group1
25,www.dummy.com/dummy,Photo,group1
1,https://spencerwade.files.wordpress.com/2013/02/a25.jpg,Photo,group3
2,https://spencerwade.files.wordpress.com/2013/02/a25.jpg,Photo,group3
3,https://spencerwade.files.wordpress.com/2013/02/a25.jpg,Photo,group3
4,https://spencerwade.files.wordpress.com/2013/02/a25.jpg,Photo,group3
5,https://spencerwade.files.wordpress.com/2013/02/a25.jpg,Photo,group3
6,https://spencerwade.files.wordpress.com/2013/02/a25.jpg,Photo,group3
7,https://spencerwade.files.wordpress.com/2013/02/a25.jpg,Photo,group3
8,https://spencerwade.files.wordpress.com/2013/02/a25.jpg,Photo,group3
9,https://spencerwade.files.wordpress.com/2013/02/a25.jpg,Photo,group3
10,https://spencerwade.files.wordpress.com/2013/02/a25.jpg,Photo,group3
11,https://spencerwade.files.wordpress.com/2013/02/a25.jpg,Photo,group3
12,https://spencerwade.files.wordpress.com/2013/02/a25.jpg,Photo,group3
13,https://spencerwade.files.wordpress.com/2013/02/a25.jpg,Photo,group3
14,https://spencerwade.files.wordpress.com/2013/02/a25.jpg,Photo,group3
15,https://spencerwade.files.wordpress.com/2013/02/a25.jpg,Photo,group3
16,https://spencerwade.files.wordpress.com/2013/02/a25.jpg,Photo,group3
17,https://spencerwade.files.wordpress.com/2013/02/a25.jpg,Photo,group3
18,https://spencerwade.files.wordpress.com/2013/02/a25.jpg,Photo,group3
19,https://spencerwade.files.wordpress.com/2013/02/a25.jpg,Photo,group3
20,https://spencerwade.files.wordpress.com/2013/02/a25.jpg,Photo,group3
21,https://spencerwade.files.wordpress.com/2013/02/a25.jpg,Photo,group3
22,https://spencerwade.files.wordpress.com/2013/02/a25.jpg,Photo,group3
23,https://spencerwade.files.wordpress.com/2013/02/a25.jpg,Photo,group3
24,https://spencerwade.files.wordpress.com/2013/02/a25.jpg,Photo,group3
25,https://spencerwade.files.wordpress.com/2013/02/a25.jpg,Photo,group3
6,http://www.ocfrealty.com/wp-content/uploads/2011/06/BlindPig1-560x350.jpg,Photo,group20
7,http://www.qatar.northwestern.edu/images/carousels/C-Doha.png,Photo,group20
8,http://i.imgur.com/jnXMXxs.jpg,Photo,group20
9,http://www.kathyloperevents.com/kilimanjaro/images/v031108.jpg,Photo,group20
10,http://upload.wikimedia.org/wikipedia/commons/a/ae/Apra_Harbor.jpg,Photo,group20
1,http://www.brinker.com/images/ourstory/Presidente+Margarita+thumb.jpg,Photo,group20
2,http://img.groundspeak.com/waymarking/display/204eb7bd-14cd6-414145-8360-837cc573f818.JPG,Photo,group20
3,http://s3-media1.fl.yelpcdn.com/bphoto/ahfqXk0wJ5bph2N73RBs4Q/ls.jpg,Photo,group20
4,http://www.blogcdn.com/www.dailyfinance.com/media/2013/01/starbucks--435cs013013.jpg,Photo,group20
5,http://i.imgur.com/ZlJMPm0.jpg,Photo,group20
21,http://farm1.static.flickr.com/56/151382996_52a5033111_m.jpg,Photo,group20
22,http://www.lambdachiwjc.org/pictures/lca_house.jpg,Photo,group20
23,http://upload.wikimedia.org/wikipedia/commons/6/66/Baristas_first_starbucks.jpg,Photo,group20
24,http://momdoesreviews.katsmediaandmore.netdna-cdn.com/wp-content/uploads/2014/02/chilis_large.jpg,Photo,group20
25,http://www.kyforward.com/wp-content/uploads/2013/07/Paris-Antiques-Gallery-District-by-Bobby-Shiflet_DSC0714-LR_440.jpg,Photo,group20
11,https://militarytravelexchange.com/blog/wp-content/uploads/2014/03/Guam-Beach.jpg,Photo,group20
12,http://www.destination360.com/australia-south-pacific/guam/images/s/guam-overview.jpg,Photo,group20
13,http://farm3.static.flickr.com/2271/2334042433_78daa1ebcb.jpg,Photo,group20
14,http://i.imgur.com/zk9Oalh.jpg,Photo,group20
15,http://i.imgur.com/1nkEy2p.jpg,Photo,group20
16,http://s3-media4.fl.yelpcdn.com/bphoto/JWQNaj0AYDmmoNCdxyoA1g/ls.jpg,Photo,group20
17,http://cdn.phillymag.com/wp-content/uploads/2014/06/wawa-robbed-sandwiches-philadelphia.jpg,Photo,group20
18,http://www.facilities.upenn.edu/sites/default/files/styles/maplocation_640x400px/public/bi0555.jpg,Photo,group20
19,http://pennpunch.files.wordpress.com/2011/11/wawa-11.jpg,Photo,group20
20,http://news.regis.org/wp-content/uploads/2013/06/Regis_Graduation.jpg,Photo,group20
8,http://www.premierelimosf.com/files/817/236791.jpg,Photo,G12
9,Part=1,Photo,G12
10,http://zablogreb.likecroatia.hr/wp-content/uploads/2013/07/National-Lampoons-European-Vacation-national-lampoons-european-vacation-27237996-1024-669.jpg,Photo,G12
12,http://www.africadreamsafaris.com/blog/wp-content/uploads/2009/04/african-safari-april-22-2009_0001_layer-21.jpg,Photo,G12
13,http://www.jetblue.com/img/vacations/destination/Cancun-960-x-420.jpg,Photo,G12
17,http://www.glasbergen.com/wp-content/gallery/vacation-cartoons/vacation26.gif,Photo,G12
18,http://blog.iso50.com/wp-content/uploads/2009/07/iso50-vacation.jpg,Photo,G12
19,http://www.howdididoit.com/wp-content/uploads/2008/05/vacation-credit-card-savings.jpg,Photo,G12
5062,http://www.entrepreneur.com/dbimages/article/h1/vacation-4-steps-to-a-business-thrives-without-you.jpg,Photo,G12
8000,https://www.youtube.com/watch?v=oQONhRMHBTU,Photo,G12
5,http://www.icelandvacationguide.com/images/island13.jpg,Photo,G12
98,http://www.premierelimosf.com/files/817/236791.jpg,Photo,G12
7062,http://www.entrepreneur.com/dbimages/article/h1/vacation-4-steps-to-a-business-thrives-without-you.jpg,Photo,G12
8111,https://www.youtube.com/watch?v=oQONhRMHBTU,Photo,G12
8050,http://colorfulsouthamerica.com/Common/Images/Destinations/poas-volcano.jpg,Photo,G12
813,http://www.jetblue.com/img/vacations/destination/Cancun-960-x-420.jpg,Photo,G12
14,http://i2.cdn.turner.com/money/dam/assets/140730120927-employee-mandatory-vacation-620xa.jpg,Photo,G12
1715,http://www.crescentmag.com/wp-content/uploads/2013/08/original-summer-vacation-book-glasses-bookmark-sand-300x168.jpg,Photo,G12
16,http://images.bwbx.io/cms/2012-08-31/0831_lifestyle_vacation_630x420.jpg,Photo,G12
8765,https://www.youtube.com/watch?v=oQONhRMHBTU,Photo,G12
1,http://files.mom.me/photos/2013/06/19/6-46015-plane-1371685974.jpg,Photo,G12
2,http://primetimeresorts.net/wp-content/uploads/2013/01/bigstock-Family-On-Vacation-7507084.jpg,Photo,G12
15,http://www.crescentmag.com/wp-content/uploads/2013/08/original-summer-vacation-book-glasses-bookmark-sand-300x168.jpg,Photo,G12
1717,http://www.glasbergen.com/wp-content/gallery/vacation-cartoons/vacation26.gif,Photo,G12
1718,http://blog.iso50.com/wp-content/uploads/2009/07/iso50-vacation.jpg,Photo,G12
6035,http://indianapublicmedia.org/ethergame/files/2014/07/On-Vacation.jpg,Photo,G12
7040,https://www.youtube.com/watch?v=qF8wHQPq504,Photo,G12
13,http://upload.wikimedia.org/wikipedia/commons/2/20/Golden-Temple-Jan-07.jpg,Photo,group09
14,http://upload.wikimedia.org/wikipedia/commons/9/9c/Golden_Temple_India.jpg,Photo,group09
15,http://www.horizonholidays.co.in/images/golden-temple.jpg,Photo,group09
16,http://www.pushpinderbagga.com/wp-content/uploads/2010/06/The-Golden-Temple-Amritsar.jpg,Photo,group09
2,http://www.businessdestinations.com/wp-content/uploads/2013/12/Tokyo-Main-Image.jpg,Photo,group09
26,http://deangelisviaggi.it/wp-content/uploads/2014/09/roma.jpg,Photo,group09
22,http://i.imgur.com/8Dwm5Du.gif,Photo,group09
23,http://i.imgur.com/K8X9DJK.jpg,Photo,group09
24,http://i.imgur.com/oTYz1ym.jpg,Photo,group09
25,http://upload.wikimedia.org/wikipedia/commons/7/75/Collage_Rome.jpg,Photo,group09
5,http://thepalladiantraveler.files.wordpress.com/2013/02/la-dolce-vita-vatican-overlook.jpg,Photo,group09
6,http://www.chud.com/wp-content/uploads/2013/04/ladolcevita3.jpg,Photo,group09
7,http://www.sentierinelcinema.it/wp-content/uploads/2011/11/ottoemezzo.jpg,Photo,group09
3,http://www.sensesofcinema.com/wp-content/uploads/2010/02/la-dolce-vita2.jpg,Photo,group09
0,http://www.adaderana.lk/bizenglish/wp-content/uploads/Italyn.jpg,Photo,group09
4,http://altscreen.com/wp-content/uploads/2011/06/dolce-vita3.jpg,Photo,group09
8,http://1.bp.blogspot.com/-GVU1nggquIc/Thyyk21HtFI/AAAAAAAAFNE/RimEOo5MwDs/s1600/dasboot.jpg,Photo,group09
9,http://m.cdn.blog.hu/sm/smokingbarrels/image/Das_Boot.jpg,Photo,group09
10,http://www.ip-art.com/media/86365/das_boot.png,Photo,group09
11,http://www.writerscafe.org/uploads/stories/44a86d8b67fe79e19a5e7c40055f13db.jpg,Photo,group09
12,http://cinephilefix.files.wordpress.com/2011/04/das_boot-matte.jpg,Photo,group09
1,http://www.beerables.net/images/products/detail/SpatenBootGlass.jpg,Photo,group09
27,http://www.caesarspalace.com/content/dam/clv/Art/Caesars-Las-Vegas-Art-1.jpg,Photo,group09
28,http://upload.wikimedia.org/wikipedia/commons/0/03/Caesars_Palace_-_Across_Bellagio_Lake.jpg,Photo,group09
29,http://www.atmtxphoto.com/Portfolio/Nevada/i-DVb7njs/0/L/las-vegas-caesars-palace-lobby-L.jpg,Photo,group09
30,http://upload.wikimedia.org/wikipedia/commons/b/bd/Bellagio_caesar's_palace_2010.JPG,Photo,group09
31,http://images.oyster.com/photos/lobby-caesars-palace-hotel-casino-v220206-720.jpg,Photo,group09
17,https://volcanogeek.files.wordpress.com/2011/04/mount-vesuvius-italy_thumb.jpg,Photo,group09
18,http://i1-news.softpedia-static.com/images/news2/Mount-Vesuvius-Set-To-Erupt-Again-2.jpg,Photo,group09
19,http://upload.wikimedia.org/wikipedia/commons/0/00/Joseph_Wright_of_Derby_-_Vesuvius_from_Portici.jpg,Photo,group09
20,http://www.bible-history.com/resource/mount-vesuvius-eruption-pompeii.jpg,Photo,group09
21,http://blogs.getty.edu/iris/files/2010/04/vesuvius.jpg,Photo,group09
3,www.abc.com,Photo,G11
1,http://www.acuteaday.com/blog/wp-content/uploads/2012/03/adorable-hamster-eating-strawberry.jpg,Photo,G14
6,http://www.acuteaday.com/blog/wp-content/uploads/2012/03/adorable-hamster-eating-strawberry.jpg,Photo,G14
7,http://www.acuteaday.com/blog/wp-content/uploads/2012/03/adorable-hamster-eating-strawberry.jpg,Photo,G14
8,http://www.acuteaday.com/blog/wp-content/uploads/2012/03/adorable-hamster-eating-strawberry.jpg,Photo,G14
9,http://www.acuteaday.com/blog/wp-content/uploads/2012/03/adorable-hamster-eating-strawberry.jpg,Photo,G14
2,http://www.acuteaday.com/blog/wp-content/uploads/2012/03/adorable-hamster-eating-strawberry.jpg,Photo,G14
17,http://www.acuteaday.com/blog/wp-content/uploads/2012/03/adorable-hamster-eating-strawberry.jpg,Photo,G14
23,http://www.acuteaday.com/blog/wp-content/uploads/2012/03/adorable-hamster-eating-strawberry.jpg,Photo,G14
24,http://www.acuteaday.com/blog/wp-content/uploads/2012/03/adorable-hamster-eating-strawberry.jpg,Photo,G14
25,http://www.acuteaday.com/blog/wp-content/uploads/2012/03/adorable-hamster-eating-strawberry.jpg,Photo,G14
4,http://www.acuteaday.com/blog/wp-content/uploads/2012/03/adorable-hamster-eating-strawberry.jpg,Photo,G14
13,http://www.acuteaday.com/blog/wp-content/uploads/2012/03/adorable-hamster-eating-strawberry.jpg,Photo,G14
14,http://www.acuteaday.com/blog/wp-content/uploads/2012/03/adorable-hamster-eating-strawberry.jpg,Photo,G14
15,http://www.acuteaday.com/blog/wp-content/uploads/2012/03/adorable-hamster-eating-strawberry.jpg,Photo,G14
16,http://www.acuteaday.com/blog/wp-content/uploads/2012/03/adorable-hamster-eating-strawberry.jpg,Photo,G14
18,http://www.acuteaday.com/blog/wp-content/uploads/2012/03/adorable-hamster-eating-strawberry.jpg,Photo,G14
19,http://www.acuteaday.com/blog/wp-content/uploads/2012/03/adorable-hamster-eating-strawberry.jpg,Photo,G14
20,http://www.acuteaday.com/blog/wp-content/uploads/2012/03/adorable-hamster-eating-strawberry.jpg,Photo,G14
21,http://www.acuteaday.com/blog/wp-content/uploads/2012/03/adorable-hamster-eating-strawberry.jpg,Photo,G14
22,http://www.acuteaday.com/blog/wp-content/uploads/2012/03/adorable-hamster-eating-strawberry.jpg,Photo,G14
5,http://www.acuteaday.com/blog/wp-content/uploads/2012/03/adorable-hamster-eating-strawberry.jpg,Photo,G14
10,http://www.acuteaday.com/blog/wp-content/uploads/2012/03/adorable-hamster-eating-strawberry.jpg,Photo,G14
11,http://www.acuteaday.com/blog/wp-content/uploads/2012/03/adorable-hamster-eating-strawberry.jpg,Photo,G14
12,http://www.acuteaday.com/blog/wp-content/uploads/2012/03/adorable-hamster-eating-strawberry.jpg,Photo,G14
8,http://www.johncarltonryan.com/Ryan%20New/2010/02/46PhillySkyline2.jpg,Photo,group15
9,http://images.fineartamerica.com/images-medium-large-5/philly-sunset-jennifer-lyon.jpg,Photo,group15
10,http://ohjoy.blogs.com/photos/uncategorized/2008/01/29/philly2.jpg,Photo,group15
11,http://www.johncarltonryan.com/Ryan%20New/2010/02/46PhillySkyline2.jpg,Photo,group15
12,http://1.bp.blogspot.com/_M3Q3489wEr4/SUkju6uatRI/AAAAAAAAAGs/Hr4qipvMTXo/S660/IMG_7457e.jpg,Photo,group15
13,http://images5.fanpop.com/image/photos/25400000/Nymeria-Arya-s-direwolf-game-of-thrones-direwolves-25439740-643-719.jpg,Photo,group15
15,http://store.picbg.net/pubpic/71/40/62c9cf67270f7140.jpg,Photo,group15
14,http://image.donga.com/mlbpark/fileUpload/201306/51af205a197d7d814367.jpg,Photo,group15
16,http://s1.static.gotsmile.net/images/2012/01/07/384629-315022395186051-161642313857394-1037030-712422927_132597259269.jpg,Photo,group15
17,http://img0.joyreactor.com/pics/post/funny-pictures-auto-677818.jpeg,Photo,group15
18,https://www.apple.com/retail/fifthavenue/images/fifthavenue_hero.jpg,Photo,group15
19,http://upload.wikimedia.org/wikipedia/commons/4/47/New_york_times_square-terabass.jpg,Photo,group15
20,http://timedotcom.files.wordpress.com/2014/03/world-trade-center.jpg,Photo,group15
21,http://img.timeinc.net/time/photoessays/2008/new_york/ny_central_park.jpg,Photo,group15
22,https://encrypted-tbn2.gstatic.com/images?q=tbn:ANd9GcQw4klmFN1hpl9_ExGM5VSMlF2t94-inq_cr97gUSKb1P0zm_Rd,Photo,group15
26,http://img2.wikia.nocookie.net/__cb20120325164921/dexter/images/9/9f/400px-BloodSlideBox1.jpg,Photo,group15
27,http://fc04.deviantart.net/fs71/i/2011/088/9/9/dexter_morgan___dark_passenger_by_dwros89-d3cqgwc.jpg,Photo,group15
25,http://i704.photobucket.com/albums/ww43/Beta2G/vlcsnap2040519.png,Photo,group15
23,http://www.seeing-stars.com/Dexter/DextersDock1.jpg,Photo,group15
24,http://www.mommywantsvodka.com/wp-content/uploads/2011/09/dexter-does-dessert.jpg,Photo,group15
3,http://www.thelandofshadow.com/wp-content/uploads/2013/08/map-of-mordor-type.jpg,Photo,group15
4,http://longboxgraveyard.files.wordpress.com/2012/11/eye-of-sauron_0.jpg,Photo,group15
5,http://fc02.deviantart.net/fs70/i/2013/029/0/c/the_gates_of_mordor_by_twoscoopsxd-d5t49b1.jpg,Photo,group15
6,http://upload.wikimedia.org/wikipedia/en/8/8e/Mount_Doom.jpg,Photo,group15
7,http://4.bp.blogspot.com/-eN3sbs3dQRU/UQLiEHYEhTI/AAAAAAAAAW4/YFo7cCQzNlk/s1600/the-lord-of-the-rings-the-return-of-the-king.jpg,Photo,group15
6,http://upload.wikimedia.org/wikipedia/commons/5/52/New_York_Midtown_Skyline_at_night_-_Jan_2006_edit1.jpg,Photo,G17
7,http://i.huffpost.com/gen/1843717/thumbs/o-NEW-YORK-facebook.jpg,Photo,G17
8,http://i.huffpost.com/gen/1843717/thumbs/o-NEW-YORK-facebook.jpg,Photo,G17
9,http://i.huffpost.com/gen/1843717/thumbs/o-NEW-YORK-facebook.jpg,Photo,G17
10,http://i.huffpost.com/gen/1843717/thumbs/o-NEW-YORK-facebook.jpg,Photo,G17
1,http://upload.wikimedia.org/wikipedia/commons/2/2f/Space_Needle002.jpg,Photo,G17
2,http://www.dwt.com/files/Uploads/Images/Offices/Seattle/seattle.jpg,Photo,G17
3,http://depts.washington.edu/biowww/images/seattle_kerry_park.png,Photo,G17
4,http://www.strengthsinternational.com/wp-content/uploads/2013/12/seattle_night.jpg,Photo,G17
5,http://wwwdesignspongecom.c.presscdn.com/wp-content/uploads/2008/07/seattle.jpg,Photo,G17
11,http://i.huffpost.com/gen/1843717/thumbs/o-NEW-YORK-facebook.jpg,Photo,G17
12,http://i.huffpost.com/gen/1843717/thumbs/o-NEW-YORK-facebook.jpg,Photo,G17
13,http://i.huffpost.com/gen/1843717/thumbs/o-NEW-YORK-facebook.jpg,Photo,G17
14,http://i.huffpost.com/gen/1843717/thumbs/o-NEW-YORK-facebook.jpg,Photo,G17
15,http://i.huffpost.com/gen/1843717/thumbs/o-NEW-YORK-facebook.jpg,Photo,G17
16,http://i.huffpost.com/gen/1843717/thumbs/o-NEW-YORK-facebook.jpg,Photo,G17
17,http://i.huffpost.com/gen/1843717/thumbs/o-NEW-YORK-facebook.jpg,Photo,G17
18,http://i.huffpost.com/gen/1843717/thumbs/o-NEW-YORK-facebook.jpg,Photo,G17
19,http://i.huffpost.com/gen/1843717/thumbs/o-NEW-YORK-facebook.jpg,Photo,G17
20,http://i.huffpost.com/gen/1843717/thumbs/o-NEW-YORK-facebook.jpg,Photo,G17
21,http://i.huffpost.com/gen/1843717/thumbs/o-NEW-YORK-facebook.jpg,Photo,G17
22,http://i.huffpost.com/gen/1843717/thumbs/o-NEW-YORK-facebook.jpg,Photo,G17
23,http://i.huffpost.com/gen/1843717/thumbs/o-NEW-YORK-facebook.jpg,Photo,G17
24,http://i.huffpost.com/gen/1843717/thumbs/o-NEW-YORK-facebook.jpg,Photo,G17
25,http://i.huffpost.com/gen/1843717/thumbs/o-NEW-YORK-facebook.jpg,Photo,G17
1,http://hawaii-tourismus.com/images/wallpaper/hawaii-wallpaper-09.jpg,Photo,group19
2,http://tourismupdates.com/wp-content/uploads/2014/05/hawaii-wallpaper-1920x1080wallpapers-hawaii-free-cool-and-for-your-or-1920x1080-et9ihujr.jpg,Photo,group19
3,http://www.cruisebrothers.com/images/Destinations/hawaii.JPG,Photo,group19
21,http://1.bp.blogspot.com/-o0_Td7LFhCo/UNh93wpne8I/AAAAAAAAB1U/x9tvyPEt2fw/s1600/Hawaii-beach.jpg,Photo,group19
13,http://cache.graphicslib.viator.com/graphicslib/thumbs674x446/2402/SITours/yosemite-national-park-and-giant-sequoias-trip-in-san-francisco-117263.jpg,Photo,group19
14,http://www.yosemitesouthgate.com/assets/themes/southgate/images/half-dome-yosemite.jpg,Photo,group19
15,http://images.nationalgeographic.com/wpf/media-live/photos/000/020/cache/yosemite-deep-valley_2013_600x450.jpg,Photo,group19
22,http://cdn.allyosemite.com/images/content/12305_12567_Yosemite_Valley_md.jpg,Photo,group19
5,http://www.bluemagnetinteractive.com/images/stories/blog/poconos-islands-beach.jpg,Photo,group19
6,http://www.destination360.com/north-america/us/pennsylvania/poconos,Photo,group19
7,http://rentals.prr1.com/rental-pictures/LHE810/front.jpg,Photo,group19
23,http://pocononp.org/image017.jpg,Photo,group19
17,http://www.scenictours.co.uk/TourImages/UK_565x400_Grand%20Aus.jpg?width=150,Photo,group19
18,http://atlastravel.s3.amazonaws.com/sitehomepics/australiamainharbour.jpg,Photo,group19
19,http://www.primarktravelhouse.com/images/australia-images/australia-tourist-map.gif,Photo,group19
25,http://insideevs.com/wp-content/uploads/2013/05/Australia-Kangaroo.jpg,Photo,group19
9,http://upload.wikimedia.org/wikipedia/commons/9/99/Tokyo_odaiba.jpg,Photo,group19
10,http://media-cdn.tripadvisor.com/media/photo-s/03/9b/2e/18/tokyo.jpg,Photo,group19
11,http://upload.wikimedia.org/wikipedia/commons/d/d4/Tokyo_by_night_2011.jpg,Photo,group19
24,http://www.hdwallpapers.in/walls/tokyo_city_in_cars_2-wide.jpg,Photo,group19
111,http://upload.wikimedia.org/wikipedia/commons/2/2b/GoraBeluha.jpg,Photo,G22
112,http://i.telegraph.co.uk/multimedia/archive/02625/mountain1_2625884k.jpg,Photo,G22
113,http://upload.wikimedia.org/wikipedia/commons/2/20/Red_Slate_Mountain_1.jpg,Photo,G22
114,http://upload.wikimedia.org/wikipedia/commons/d/d3/Tajik_mountains_edit.jpg,Photo,G22
115,http://www.mrwallpaper.com/wallpapers/mountains-scenery.jpg,Photo,G22
226,http://ichef.bbci.co.uk/naturelibrary/images/ic/credit/640x395/m/mo/mountain/mountain_1.jpg,Photo,G22
227,http://channel.nationalgeographic.com/exposure/content/photo/photo/50757_mountains-of-chile_u4otpkuoohegc34cxym6cgqbe3ncurxrbvj6lwuht2ya6mzmafma_610x457.jpg,Photo,G22
228,http://i.telegraph.co.uk/multimedia/archive/02423/london_2423609b.jpg,Photo,G22
229,http://srinistuff.files.wordpress.com/2014/08/london_nla_londonsgrowingupc2a9cpat-hayes-davidson-jason-hawkes.jpg,Photo,G22
230,http://libertychurchlondon.com/wp-content/uploads/2013/01/london1.jpg,Photo,G22
511,http://cdni.wired.co.uk/1920x1280/k_n/London_5.jpg,Photo,G22
512,http://web.fredonia.edu/iecmap/sites/default/files/images/city-of-London.jpg,Photo,G22
513,http://cache.graphicslib.viator.com/graphicslib/thumbs674x446/2050/SITours/eiffel-tower-paris-moulin-rouge-show-and-seine-river-cruise-in-paris-150305.jpg,Photo,G22
514,http://img4.wikia.nocookie.net/__cb20131213104910/disney/images/f/f6/Eiffel_Tower,_Paris.jpg,Photo,G22
515,http://oproimg-mdz.open-system.fr/boutique/otparis-museumpass/pcp/arc_600_390.jpg,Photo,G22
516,http://www.milanocard.it/wp-content/uploads/2014/03/Venezia-milano.jpg,Photo,G22
517,http://i.telegraph.co.uk/multimedia/archive/02370/Venice-winter_2370349b.jpg,Photo,G22
518,http://www.telegraph.co.uk/travel/destination/article129429.ece/ALTERNATES/w620/venicetravelguide5.jpg,Photo,G22
519,http://foundtheworld.com/wp-content/uploads/2014/07/Venice-Italy-3.jpg,Photo,G22
520,http://www.newjetsetters.com/wp-content/uploads/2013/06/Venice-at-Night.jpg,Photo,G22
521,http://www.topvisitplaces.com/wp-content/uploads/2014/02/rialto-bridge-venice-italy.jpg,Photo,G22
522,http://www.bmiregional.com/upload/milan.jpg,Photo,G22
523,http://cache.graphicslib.viator.com/graphicslib/media/68/cinque-terre-day-trip-from-milan-photo_1079656-fit468x296.jpg,Photo,G22
524,http://drupal.in-cdn.net/cdn/article/public/living_in_milan.jpg,Photo,G22
525,http://www.castanotours.com/images/info-milan4.jpg,Photo,G22
526,http://upload.wikimedia.org/wikipedia/commons/2/23/Hong_Kong_Skyline_Restitch_-_Dec_2007.jpg,Photo,G22
